State,Place
ACT,Belconnen
ACT,Civic
ACT,Erindale
ACT,Fyshwick
ACT,Gungahlin
ACT,Jervis Bay
ACT,Kingston
ACT,MacArthur
ACT,Mawson
ACT,Queanbeyan
ACT,Sanctuary Point
ACT,Tuggeranong Sth
ACT,Woden
NSW,Ashfield
NSW,Blacktown
NSW,Brighton Le S
NSW,Burwood
NSW,Calderwood
NSW,Camden Haven
NSW,Castle Hill
NSW,Chatswood
NSW,Coffs Harbour
NSW,Cronulla
NSW,Dee Why
NSW,Grafton
NSW,Gunnedah
NSW,Heatherbrae
NSW,Homebush
NSW,Hornsby
NSW,Kempsey
NSW,Lake Cathie
NSW,Leichardt
NSW,Lidcombe
NSW,LifeSource Food
NSW,Miranda
NSW,Mona Vale
NSW,Orange
NSW,Parramatta
NSW,Penrith
NSW,Port Macquarie
NSW,Queanbeyan
NSW,Rhodes
NSW,Rouse Hill
NSW,Shellharbour
NSW,Strathfield
NSW,Sydney CBD
NSW,Sylvania
NSW,Tamworth
NSW,Tweed Heads
NSW,Wollongong
Qld,Charters Towers
Qld,Logan
Qld,Moorooka
Qld,Noosaville
SA,Adelaide
SA,Adelaide CBD
SA,Elizabeth
SA,Gawler
SA,Glenelg
SA,Hahndorf
SA,Loxton CoC
SA,Mt Barker
SA,Mt Gambier
SA,Murray Bridge
SA,Oaklands Station
SA,Port Adelaide
SA,Riverland Field D
SA,Salisbury
Vic,Ashwood
Vic,Braybrook
Vic,Castlemaine
Vic,Chadstone
Vic,Clayton
Vic,Cranbourne
Vic,Dandenong
Vic,Daylesford
Vic,Docklands
Vic,Footscray Vic Uni
Vic,Frankston
Vic,Geelong
Vic,Greensborough
Vic,Macleod
Vic,Maryborough
Vic,Melbourne CBD
Vic,Mernda
Vic,Narre Warren
Vic,Pakenham
Vic,Rowville
Vic,St Kilda
Vic,Sunshine
Vic,Werribee
WA,Albany
WA,Armadale
WA,Balingup
WA,Belmont
WA,Bunbury
WA,Busselton
WA,Cannington
WA,Donnybrook
WA,Ellenbrook
WA,Fremantle
WA,Geraldton
WA,Gosnells
WA,Joondalup
WA,Kelmscott
WA,Mandurah
WA,Margaret River
WA,Midland
WA,Morley
WA,Mt Barker
WA,Mundaring
WA,Northam
WA,Perth CBD
WA,Pinjarra
WA,Rockingham
WA,Thornlie
WA,Yagan Square
